similarity,from_img,to_img
1.0,ISIC_0024777.jpg,ISIC_0029938.jpg
1.0,ISIC_0024366.jpg,ISIC_0029861.jpg
0.999147,ISIC_0030079.jpg,ISIC_0024908.jpg
0.998092,ISIC_0030444.jpg,ISIC_0030973.jpg
0.996164,ISIC_0028960.jpg,ISIC_0027596.jpg
0.994255,ISIC_0030057.jpg,ISIC_0027423.jpg
0.993345,ISIC_0031839.jpg,ISIC_0026455.jpg
0.992975,ISIC_0026328.jpg,ISIC_0029334.jpg
0.992899,ISIC_0024928.jpg,ISIC_0027887.jpg
0.9924,ISIC_0028678.jpg,ISIC_0027658.jpg
0.991511,ISIC_0025534.jpg,ISIC_0027338.jpg
0.991086,ISIC_0028265.jpg,ISIC_0031839.jpg
0.99093,ISIC_0029257.jpg,ISIC_0030225.jpg
0.9909,ISIC_0024349.jpg,ISIC_0026126.jpg
0.990567,ISIC_0029359.jpg,ISIC_0029746.jpg
0.990488,ISIC_0026487.jpg,ISIC_0031984.jpg
0.990207,ISIC_0030508.jpg,ISIC_0029313.jpg
0.990161,ISIC_0029504.jpg,ISIC_0027208.jpg
0.989907,ISIC_0027226.jpg,ISIC_0027902.jpg
0.989717,ISIC_0030367.jpg,ISIC_0031905.jpg
0.989435,ISIC_0030652.jpg,ISIC_0030852.jpg
0.989358,ISIC_0025469.jpg,ISIC_0025133.jpg
0.989165,ISIC_0029640.jpg,ISIC_0029724.jpg
0.989126,ISIC_0025963.jpg,ISIC_0025121.jpg
0.98888,ISIC_0029450.jpg,ISIC_0027887.jpg
0.988643,ISIC_0030057.jpg,ISIC_0028737.jpg
0.988626,ISIC_0028698.jpg,ISIC_0025165.jpg
0.988621,ISIC_0030852.jpg,ISIC_0031204.jpg
0.988539,ISIC_0024975.jpg,ISIC_0025782.jpg
0.988335,ISIC_0026027.jpg,ISIC_0031447.jpg
0.988184,ISIC_0026455.jpg,ISIC_0028265.jpg
0.98816,ISIC_0031481.jpg,ISIC_0029814.jpg
0.987975,ISIC_0030077.jpg,ISIC_0031657.jpg
0.98769,ISIC_0026753.jpg,ISIC_0031134.jpg
0.987679,ISIC_0028057.jpg,ISIC_0031502.jpg
0.987628,ISIC_0031204.jpg,ISIC_0030652.jpg
0.987179,ISIC_0028454.jpg,ISIC_0026305.jpg
0.98713,ISIC_0031631.jpg,ISIC_0027150.jpg
0.987029,ISIC_0024366.jpg,ISIC_0028360.jpg
0.987029,ISIC_0028360.jpg,ISIC_0029861.jpg
0.986629,ISIC_0031360.jpg,ISIC_0028263.jpg
0.986308,ISIC_0030135.jpg,ISIC_0030941.jpg
0.986166,ISIC_0028610.jpg,ISIC_0028263.jpg
0.986035,ISIC_0024938.jpg,ISIC_0025231.jpg
0.985727,ISIC_0026028.jpg,ISIC_0024941.jpg
0.985353,ISIC_0033481.jpg,ISIC_0033421.jpg
0.985319,ISIC_0025577.jpg,ISIC_0029638.jpg
0.985304,ISIC_0027989.jpg,ISIC_0029548.jpg
0.984707,ISIC_0033926.jpg,ISIC_0030492.jpg
0.98455,ISIC_0027423.jpg,ISIC_0028737.jpg
0.984414,ISIC_0033924.jpg,ISIC_0032804.jpg
0.984347,ISIC_0027715.jpg,ISIC_0027821.jpg
0.984294,ISIC_0026106.jpg,ISIC_0025020.jpg
0.983993,ISIC_0030387.jpg,ISIC_0024522.jpg
0.98392,ISIC_0031360.jpg,ISIC_0028610.jpg
0.983903,ISIC_0032492.jpg,ISIC_0027853.jpg
0.98379,ISIC_0031917.jpg,ISIC_0027925.jpg
0.983735,ISIC_0032734.jpg,ISIC_0032693.jpg
0.983634,ISIC_0033449.jpg,ISIC_0033676.jpg
0.983139,ISIC_0033556.jpg,ISIC_0032634.jpg
0.983107,ISIC_0026027.jpg,ISIC_0024837.jpg
0.983009,ISIC_0033662.jpg,ISIC_0032845.jpg
0.982961,ISIC_0031541.jpg,ISIC_0027596.jpg
0.982951,ISIC_0033153.jpg,ISIC_0032946.jpg
0.98294,ISIC_0030542.jpg,ISIC_0031876.jpg
0.982713,ISIC_0031541.jpg,ISIC_0028960.jpg
0.982488,ISIC_0028545.jpg,ISIC_0032492.jpg
0.982386,ISIC_0026438.jpg,ISIC_0028126.jpg
0.982244,ISIC_0026841.jpg,ISIC_0031149.jpg
0.982177,ISIC_0030243.jpg,ISIC_0032058.jpg
0.982046,ISIC_0029450.jpg,ISIC_0024928.jpg
0.981882,ISIC_0031447.jpg,ISIC_0024837.jpg
0.981871,ISIC_0031034.jpg,ISIC_0025085.jpg
0.981819,ISIC_0032794.jpg,ISIC_0032801.jpg
0.981763,ISIC_0031194.jpg,ISIC_0026804.jpg
0.981124,ISIC_0024777.jpg,ISIC_0029196.jpg
0.981124,ISIC_0029196.jpg,ISIC_0029938.jpg
0.981013,ISIC_0033641.jpg,ISIC_0032895.jpg
0.980913,ISIC_0031149.jpg,ISIC_0025945.jpg
0.980821,ISIC_0029188.jpg,ISIC_0027800.jpg
0.980762,ISIC_0028101.jpg,ISIC_0025516.jpg
0.980469,ISIC_0033099.jpg,ISIC_0033616.jpg
0.980426,ISIC_0026692.jpg,ISIC_0030597.jpg
0.980213,ISIC_0025078.jpg,ISIC_0029835.jpg
0.980152,ISIC_0024834.jpg,ISIC_0032165.jpg
0.980042,ISIC_0031171.jpg,ISIC_0029323.jpg
0.979998,ISIC_0029082.jpg,ISIC_0028973.jpg
0.979771,ISIC_0032132.jpg,ISIC_0031225.jpg
0.979652,ISIC_0031290.jpg,ISIC_0029188.jpg
0.97955,ISIC_0034144.jpg,ISIC_0032992.jpg
0.979356,ISIC_0025662.jpg,ISIC_0027510.jpg
0.978878,ISIC_0028710.jpg,ISIC_0031138.jpg
0.978829,ISIC_0029666.jpg,ISIC_0027698.jpg
0.978824,ISIC_0025208.jpg,ISIC_0024538.jpg
0.978818,ISIC_0025491.jpg,ISIC_0027827.jpg
0.978748,ISIC_0024658.jpg,ISIC_0026272.jpg
0.978745,ISIC_0026179.jpg,ISIC_0030447.jpg
0.978714,ISIC_0027122.jpg,ISIC_0031340.jpg
0.978636,ISIC_0025683.jpg,ISIC_0028621.jpg
0.978541,ISIC_0033905.jpg,ISIC_0033981.jpg
0.978539,ISIC_0024394.jpg,ISIC_0029516.jpg
0.978367,ISIC_0028645.jpg,ISIC_0030093.jpg
0.978306,ISIC_0026956.jpg,ISIC_0031806.jpg
0.978261,ISIC_0026692.jpg,ISIC_0025665.jpg
0.978,ISIC_0028513.jpg,ISIC_0027933.jpg
0.977773,ISIC_0027673.jpg,ISIC_0032134.jpg
0.977525,ISIC_0025345.jpg,ISIC_0032303.jpg
0.977216,ISIC_0024578.jpg,ISIC_0031960.jpg
0.977154,ISIC_0025665.jpg,ISIC_0030597.jpg
0.977043,ISIC_0031064.jpg,ISIC_0027538.jpg
0.976858,ISIC_0024793.jpg,ISIC_0027122.jpg
0.976674,ISIC_0026841.jpg,ISIC_0025945.jpg
0.976567,ISIC_0032586.jpg,ISIC_0033286.jpg
0.976302,ISIC_0029152.jpg,ISIC_0033173.jpg
0.976267,ISIC_0025170.jpg,ISIC_0031811.jpg
0.976133,ISIC_0029667.jpg,ISIC_0024503.jpg
0.976056,ISIC_0034025.jpg,ISIC_0033182.jpg
0.975875,ISIC_0024653.jpg,ISIC_0026141.jpg
0.97586,ISIC_0029382.jpg,ISIC_0030093.jpg
0.975815,ISIC_0032425.jpg,ISIC_0024351.jpg
0.975478,ISIC_0029036.jpg,ISIC_0027027.jpg
0.975408,ISIC_0032134.jpg,ISIC_0028114.jpg
0.975276,ISIC_0027853.jpg,ISIC_0028545.jpg
0.975222,ISIC_0024333.jpg,ISIC_0024630.jpg
0.975198,ISIC_0030230.jpg,ISIC_0031728.jpg
0.974997,ISIC_0030923.jpg,ISIC_0029733.jpg
0.974884,ISIC_0033784.jpg,ISIC_0033307.jpg
0.974807,ISIC_0033677.jpg,ISIC_0033400.jpg
0.974775,ISIC_0025505.jpg,ISIC_0030061.jpg
0.974692,ISIC_0033534.jpg,ISIC_0032626.jpg
0.974598,ISIC_0031340.jpg,ISIC_0024793.jpg
0.974441,ISIC_0031844.jpg,ISIC_0027359.jpg
0.97442,ISIC_0031290.jpg,ISIC_0027800.jpg
0.974385,ISIC_0032932.jpg,ISIC_0032839.jpg
0.974349,ISIC_0028362.jpg,ISIC_0030179.jpg
0.974187,ISIC_0034055.jpg,ISIC_0033777.jpg
0.974128,ISIC_0033263.jpg,ISIC_0033815.jpg
0.973924,ISIC_0033713.jpg,ISIC_0033122.jpg
0.973659,ISIC_0032329.jpg,ISIC_0026138.jpg
0.97359,ISIC_0028645.jpg,ISIC_0029382.jpg
0.973526,ISIC_0029040.jpg,ISIC_0029588.jpg
0.973445,ISIC_0027574.jpg,ISIC_0030058.jpg
0.973253,ISIC_0033105.jpg,ISIC_0032572.jpg
0.973171,ISIC_0031769.jpg,ISIC_0028436.jpg
0.973032,ISIC_0032003.jpg,ISIC_0025545.jpg
0.972979,ISIC_0028621.jpg,ISIC_0031857.jpg
0.97255,ISIC_0027820.jpg,ISIC_0028209.jpg
0.972404,ISIC_0029123.jpg,ISIC_0029372.jpg
0.972319,ISIC_0031169.jpg,ISIC_0029669.jpg
0.971977,ISIC_0034140.jpg,ISIC_0034256.jpg
0.971968,ISIC_0032703.jpg,ISIC_0033142.jpg
0.971874,ISIC_0026358.jpg,ISIC_0025193.jpg
0.97186,ISIC_0034234.jpg,ISIC_0033308.jpg
0.971723,ISIC_0033937.jpg,ISIC_0033167.jpg
0.971661,ISIC_0027673.jpg,ISIC_0028114.jpg
0.97159,ISIC_0032570.jpg,ISIC_0032688.jpg
0.97137,ISIC_0033920.jpg,ISIC_0033715.jpg
0.971267,ISIC_0025683.jpg,ISIC_0031857.jpg
0.971021,ISIC_0024938.jpg,ISIC_0030065.jpg
0.970568,ISIC_0024881.jpg,ISIC_0029764.jpg
0.970272,ISIC_0032845.jpg,ISIC_0034317.jpg
0.970192,ISIC_0034306.jpg,ISIC_0032799.jpg
0.969982,ISIC_0031421.jpg,ISIC_0028499.jpg
0.969912,ISIC_0024787.jpg,ISIC_0032092.jpg
0.969865,ISIC_0033010.jpg,ISIC_0033350.jpg
0.969686,ISIC_0024753.jpg,ISIC_0027519.jpg
0.969443,ISIC_0024833.jpg,ISIC_0027546.jpg
0.969379,ISIC_0025785.jpg,ISIC_0028494.jpg
0.96921,ISIC_0027291.jpg,ISIC_0027281.jpg
0.969178,ISIC_0033886.jpg,ISIC_0033485.jpg
0.969112,ISIC_0029567.jpg,ISIC_0026100.jpg
0.969063,ISIC_0029865.jpg,ISIC_0030077.jpg
0.969048,ISIC_0029504.jpg,ISIC_0032368.jpg
0.968931,ISIC_0033876.jpg,ISIC_0033514.jpg
0.968896,ISIC_0026545.jpg,ISIC_0031208.jpg
0.968874,ISIC_0030065.jpg,ISIC_0025231.jpg
0.968788,ISIC_0033071.jpg,ISIC_0032563.jpg
0.968367,ISIC_0033605.jpg,ISIC_0033961.jpg
0.96829,ISIC_0032380.jpg,ISIC_0025447.jpg
0.968118,ISIC_0033491.jpg,ISIC_0034280.jpg
0.968112,ISIC_0033063.jpg,ISIC_0034059.jpg
0.967402,ISIC_0031358.jpg,ISIC_0030757.jpg
0.967354,ISIC_0031339.jpg,ISIC_0029353.jpg
0.967182,ISIC_0033403.jpg,ISIC_0033259.jpg
0.967097,ISIC_0030654.jpg,ISIC_0031621.jpg
0.967078,ISIC_0033415.jpg,ISIC_0034117.jpg
0.967066,ISIC_0031621.jpg,ISIC_0031822.jpg
0.966942,ISIC_0028165.jpg,ISIC_0025434.jpg
0.966778,ISIC_0031746.jpg,ISIC_0027466.jpg
0.966652,ISIC_0033393.jpg,ISIC_0033957.jpg
0.966575,ISIC_0033549.jpg,ISIC_0033921.jpg
0.966554,ISIC_0029609.jpg,ISIC_0029482.jpg
0.966408,ISIC_0033233.jpg,ISIC_0034184.jpg
0.9664,ISIC_0025702.jpg,ISIC_0031769.jpg
0.966349,ISIC_0030487.jpg,ISIC_0032238.jpg
0.966324,ISIC_0032508.jpg,ISIC_0034201.jpg
0.966314,ISIC_0027689.jpg,ISIC_0032647.jpg
0.966134,ISIC_0030906.jpg,ISIC_0024879.jpg
0.966006,ISIC_0024538.jpg,ISIC_0029499.jpg
0.965987,ISIC_0033391.jpg,ISIC_0034186.jpg
0.965982,ISIC_0031822.jpg,ISIC_0030654.jpg
0.965851,ISIC_0033553.jpg,ISIC_0033401.jpg
0.965847,ISIC_0034028.jpg,ISIC_0033520.jpg
0.965767,ISIC_0025512.jpg,ISIC_0024999.jpg
0.965729,ISIC_0025655.jpg,ISIC_0030792.jpg
0.965717,ISIC_0033248.jpg,ISIC_0029192.jpg
0.965564,ISIC_0025226.jpg,ISIC_0030074.jpg
0.965451,ISIC_0033419.jpg,ISIC_0033669.jpg
0.96545,ISIC_0034139.jpg,ISIC_0032783.jpg
0.96536,ISIC_0024740.jpg,ISIC_0032043.jpg
0.965291,ISIC_0029682.jpg,ISIC_0029472.jpg
0.965266,ISIC_0027707.jpg,ISIC_0029724.jpg
0.965214,ISIC_0033460.jpg,ISIC_0033526.jpg
0.965159,ISIC_0029075.jpg,ISIC_0028887.jpg
0.965155,ISIC_0027957.jpg,ISIC_0031212.jpg
0.965097,ISIC_0033019.jpg,ISIC_0032777.jpg
0.964877,ISIC_0031594.jpg,ISIC_0026577.jpg
0.96474,ISIC_0032673.jpg,ISIC_0033684.jpg
0.96467,ISIC_0033200.jpg,ISIC_0034259.jpg
0.964667,ISIC_0026270.jpg,ISIC_0025096.jpg
0.96466,ISIC_0026789.jpg,ISIC_0026473.jpg
0.964632,ISIC_0028084.jpg,ISIC_0026970.jpg
0.964547,ISIC_0031726.jpg,ISIC_0031645.jpg
0.964487,ISIC_0032022.jpg,ISIC_0024448.jpg
0.964389,ISIC_0026087.jpg,ISIC_0025664.jpg
0.964333,ISIC_0025973.jpg,ISIC_0031464.jpg
0.96427,ISIC_0033554.jpg,ISIC_0033810.jpg
0.964165,ISIC_0025702.jpg,ISIC_0028436.jpg
0.964049,ISIC_0029902.jpg,ISIC_0025065.jpg
0.964031,ISIC_0025096.jpg,ISIC_0030116.jpg
0.964026,ISIC_0025188.jpg,ISIC_0026811.jpg
0.964009,ISIC_0034021.jpg,ISIC_0034041.jpg
0.963933,ISIC_0028335.jpg,ISIC_0025605.jpg
0.963932,ISIC_0033692.jpg,ISIC_0032580.jpg
0.963847,ISIC_0033443.jpg,ISIC_0033935.jpg
0.963835,ISIC_0033519.jpg,ISIC_0032851.jpg
0.963751,ISIC_0033563.jpg,ISIC_0034227.jpg
0.963651,ISIC_0026770.jpg,ISIC_0028465.jpg
0.963563,ISIC_0033963.jpg,ISIC_0033555.jpg
0.963549,ISIC_0031657.jpg,ISIC_0029865.jpg
0.963467,ISIC_0032014.jpg,ISIC_0026178.jpg
0.963377,ISIC_0034056.jpg,ISIC_0034247.jpg
0.963135,ISIC_0033502.jpg,ISIC_0033343.jpg
0.96304,ISIC_0033959.jpg,ISIC_0033460.jpg
0.962659,ISIC_0031888.jpg,ISIC_0033460.jpg
0.962573,ISIC_0024736.jpg,ISIC_0029748.jpg
0.962533,ISIC_0033484.jpg,ISIC_0034279.jpg
0.962518,ISIC_0030588.jpg,ISIC_0025511.jpg
0.962473,ISIC_0033025.jpg,ISIC_0033053.jpg
0.962402,ISIC_0032810.jpg,ISIC_0032797.jpg
0.962374,ISIC_0024770.jpg,ISIC_0027811.jpg
0.962302,ISIC_0033672.jpg,ISIC_0033816.jpg
0.962294,ISIC_0033139.jpg,ISIC_0033907.jpg
0.962194,ISIC_0029879.jpg,ISIC_0027878.jpg
0.962127,ISIC_0030158.jpg,ISIC_0025811.jpg
0.961932,ISIC_0025227.jpg,ISIC_0030268.jpg
0.961901,ISIC_0024461.jpg,ISIC_0024517.jpg
0.961793,ISIC_0028329.jpg,ISIC_0025322.jpg
0.961776,ISIC_0026389.jpg,ISIC_0027427.jpg
0.961757,ISIC_0028795.jpg,ISIC_0027529.jpg
0.961729,ISIC_0033700.jpg,ISIC_0034046.jpg
0.961681,ISIC_0032905.jpg,ISIC_0034001.jpg
0.961672,ISIC_0028524.jpg,ISIC_0031079.jpg
0.961623,ISIC_0025623.jpg,ISIC_0031465.jpg
0.961514,ISIC_0025210.jpg,ISIC_0026372.jpg
0.961504,ISIC_0027879.jpg,ISIC_0030863.jpg
0.961451,ISIC_0033578.jpg,ISIC_0034100.jpg
0.961436,ISIC_0033793.jpg,ISIC_0034136.jpg
0.961333,ISIC_0028765.jpg,ISIC_0024833.jpg
0.961286,ISIC_0027802.jpg,ISIC_0031672.jpg
0.961227,ISIC_0025546.jpg,ISIC_0028156.jpg
0.961136,ISIC_0026395.jpg,ISIC_0031515.jpg
0.96106,ISIC_0031580.jpg,ISIC_0025627.jpg
0.960977,ISIC_0033889.jpg,ISIC_0033211.jpg
0.960961,ISIC_0032546.jpg,ISIC_0033120.jpg
0.960942,ISIC_0025083.jpg,ISIC_0026827.jpg
0.960916,ISIC_0031407.jpg,ISIC_0028652.jpg
0.960901,ISIC_0027684.jpg,ISIC_0032158.jpg
0.960851,ISIC_0034208.jpg,ISIC_0033325.jpg
0.960824,ISIC_0034268.jpg,ISIC_0032908.jpg
0.960769,ISIC_0027052.jpg,ISIC_0026419.jpg
0.960691,ISIC_0032781.jpg,ISIC_0032747.jpg
0.960661,ISIC_0027208.jpg,ISIC_0032368.jpg
0.960648,ISIC_0028787.jpg,ISIC_0026008.jpg
0.96051,ISIC_0033246.jpg,ISIC_0032843.jpg
0.960453,ISIC_0034131.jpg,ISIC_0032901.jpg
0.960302,ISIC_0030390.jpg,ISIC_0024701.jpg
0.960289,ISIC_0032494.jpg,ISIC_0034128.jpg
0.960227,ISIC_0031145.jpg,ISIC_0027878.jpg
0.960133,ISIC_0034152.jpg,ISIC_0034281.jpg
0.960122,ISIC_0025323.jpg,ISIC_0025141.jpg
0.959987,ISIC_0029844.jpg,ISIC_0029367.jpg
0.95996,ISIC_0024612.jpg,ISIC_0029678.jpg
0.959959,ISIC_0033416.jpg,ISIC_0033452.jpg
0.959819,ISIC_0028277.jpg,ISIC_0032465.jpg
0.959814,ISIC_0032840.jpg,ISIC_0033570.jpg
0.95969,ISIC_0033962.jpg,ISIC_0033180.jpg
0.959684,ISIC_0027447.jpg,ISIC_0032437.jpg
0.959646,ISIC_0032685.jpg,ISIC_0033323.jpg
0.959607,ISIC_0026276.jpg,ISIC_0024489.jpg
0.959575,ISIC_0033836.jpg,ISIC_0034200.jpg
0.959488,ISIC_0033418.jpg,ISIC_0034054.jpg
0.959424,ISIC_0024930.jpg,ISIC_0026089.jpg
0.959359,ISIC_0028550.jpg,ISIC_0024477.jpg
0.959356,ISIC_0033808.jpg,ISIC_0033847.jpg
0.959249,ISIC_0033883.jpg,ISIC_0032913.jpg
0.959238,ISIC_0033615.jpg,ISIC_0033225.jpg
0.959233,ISIC_0033087.jpg,ISIC_0033288.jpg
0.959219,ISIC_0034264.jpg,ISIC_0034044.jpg
0.959132,ISIC_0030773.jpg,ISIC_0028692.jpg
0.959077,ISIC_0030543.jpg,ISIC_0025045.jpg
0.958885,ISIC_0030591.jpg,ISIC_0024579.jpg
0.958862,ISIC_0033268.jpg,ISIC_0033576.jpg
0.958852,ISIC_0031295.jpg,ISIC_0028915.jpg
0.958846,ISIC_0029951.jpg,ISIC_0026940.jpg
0.958776,ISIC_0033890.jpg,ISIC_0033682.jpg
0.958568,ISIC_0025500.jpg,ISIC_0030277.jpg
0.958544,ISIC_0029030.jpg,ISIC_0031791.jpg
0.958528,ISIC_0031889.jpg,ISIC_0032148.jpg
0.95851,ISIC_0033819.jpg,ISIC_0032544.jpg
0.958313,ISIC_0033148.jpg,ISIC_0032986.jpg
0.958254,ISIC_0026912.jpg,ISIC_0024490.jpg
0.95815,ISIC_0024823.jpg,ISIC_0024962.jpg
0.958123,ISIC_0027707.jpg,ISIC_0029640.jpg
0.958061,ISIC_0029215.jpg,ISIC_0028362.jpg
0.958058,ISIC_0034159.jpg,ISIC_0032716.jpg
0.95798,ISIC_0025725.jpg,ISIC_0027683.jpg
0.9579,ISIC_0033662.jpg,ISIC_0034317.jpg
0.957873,ISIC_0032072.jpg,ISIC_0025605.jpg
0.957864,ISIC_0032429.jpg,ISIC_0029951.jpg
0.957862,ISIC_0024461.jpg,ISIC_0030380.jpg
0.957852,ISIC_0028984.jpg,ISIC_0032197.jpg
0.957826,ISIC_0029270.jpg,ISIC_0027162.jpg
0.957537,ISIC_0033678.jpg,ISIC_0033834.jpg
0.957413,ISIC_0031373.jpg,ISIC_0027272.jpg
0.957392,ISIC_0028008.jpg,ISIC_0032009.jpg
0.957376,ISIC_0025516.jpg,ISIC_0029835.jpg
0.957284,ISIC_0029464.jpg,ISIC_0031277.jpg
0.957273,ISIC_0024762.jpg,ISIC_0026395.jpg
0.957243,ISIC_0031227.jpg,ISIC_0030886.jpg
0.957129,ISIC_0025695.jpg,ISIC_0026427.jpg
0.957119,ISIC_0028130.jpg,ISIC_0026301.jpg
0.957055,ISIC_0024587.jpg,ISIC_0029666.jpg
0.956992,ISIC_0034237.jpg,ISIC_0034032.jpg
0.956911,ISIC_0032297.jpg,ISIC_0025561.jpg
0.956896,ISIC_0027162.jpg,ISIC_0029061.jpg
0.956885,ISIC_0033852.jpg,ISIC_0033120.jpg
0.956874,ISIC_0034168.jpg,ISIC_0033778.jpg
0.956817,ISIC_0030526.jpg,ISIC_0024461.jpg
0.956779,ISIC_0034042.jpg,ISIC_0034133.jpg
0.95676,ISIC_0026239.jpg,ISIC_0027089.jpg
0.956742,ISIC_0027659.jpg,ISIC_0029409.jpg
0.956668,ISIC_0028413.jpg,ISIC_0028008.jpg
0.956662,ISIC_0033195.jpg,ISIC_0033437.jpg
0.95661,ISIC_0029021.jpg,ISIC_0029978.jpg
0.956577,ISIC_0033419.jpg,ISIC_0033789.jpg
0.956494,ISIC_0024587.jpg,ISIC_0027698.jpg
0.956493,ISIC_0030044.jpg,ISIC_0024401.jpg
0.956444,ISIC_0030241.jpg,ISIC_0028124.jpg
0.956433,ISIC_0024602.jpg,ISIC_0032283.jpg
0.956422,ISIC_0033213.jpg,ISIC_0032548.jpg
0.956389,ISIC_0030873.jpg,ISIC_0028447.jpg
0.956231,ISIC_0032174.jpg,ISIC_0031925.jpg
0.956139,ISIC_0028380.jpg,ISIC_0028531.jpg
0.956062,ISIC_0028283.jpg,ISIC_0027175.jpg
0.956041,ISIC_0032623.jpg,ISIC_0033521.jpg
0.956039,ISIC_0030626.jpg,ISIC_0031163.jpg
0.956038,ISIC_0027183.jpg,ISIC_0025295.jpg
0.956031,ISIC_0031728.jpg,ISIC_0031526.jpg
0.955981,ISIC_0030605.jpg,ISIC_0026045.jpg
0.955893,ISIC_0033595.jpg,ISIC_0032560.jpg
0.955876,ISIC_0034230.jpg,ISIC_0033057.jpg
0.955868,ISIC_0032951.jpg,ISIC_0033964.jpg
0.955849,ISIC_0030380.jpg,ISIC_0030637.jpg
0.955789,ISIC_0032661.jpg,ISIC_0032851.jpg
0.955777,ISIC_0032204.jpg,ISIC_0032095.jpg
0.955773,ISIC_0025386.jpg,ISIC_0024870.jpg
0.95573,ISIC_0026006.jpg,ISIC_0027645.jpg
0.955728,ISIC_0028197.jpg,ISIC_0029831.jpg
0.955699,ISIC_0033113.jpg,ISIC_0033059.jpg
0.955691,ISIC_0026403.jpg,ISIC_0029491.jpg
0.955654,ISIC_0033959.jpg,ISIC_0033526.jpg
0.955647,ISIC_0030781.jpg,ISIC_0031461.jpg
0.955602,ISIC_0031746.jpg,ISIC_0025605.jpg
0.955549,ISIC_0024953.jpg,ISIC_0026557.jpg
0.955537,ISIC_0031515.jpg,ISIC_0028195.jpg
0.955529,ISIC_0029625.jpg,ISIC_0024629.jpg
0.955505,ISIC_0029164.jpg,ISIC_0032259.jpg
0.955417,ISIC_0026009.jpg,ISIC_0030689.jpg
0.955409,ISIC_0032718.jpg,ISIC_0032736.jpg
0.955338,ISIC_0030116.jpg,ISIC_0026270.jpg
0.955293,ISIC_0031742.jpg,ISIC_0031567.jpg
0.955125,ISIC_0030661.jpg,ISIC_0031650.jpg
0.955021,ISIC_0029832.jpg,ISIC_0031571.jpg
0.955009,ISIC_0028195.jpg,ISIC_0024911.jpg
0.954932,ISIC_0026174.jpg,ISIC_0026276.jpg
0.954896,ISIC_0033883.jpg,ISIC_0032810.jpg
0.954885,ISIC_0031308.jpg,ISIC_0028981.jpg
0.954832,ISIC_0032407.jpg,ISIC_0027398.jpg
0.954793,ISIC_0031444.jpg,ISIC_0032004.jpg
0.95479,ISIC_0029265.jpg,ISIC_0032968.jpg
0.954744,ISIC_0031323.jpg,ISIC_0032082.jpg
0.954734,ISIC_0032759.jpg,ISIC_0034114.jpg
0.954707,ISIC_0025658.jpg,ISIC_0026808.jpg
0.954684,ISIC_0033420.jpg,ISIC_0031146.jpg
0.954566,ISIC_0030000.jpg,ISIC_0031392.jpg
0.954545,ISIC_0025271.jpg,ISIC_0024821.jpg
0.954545,ISIC_0027727.jpg,ISIC_0027648.jpg
0.954458,ISIC_0027783.jpg,ISIC_0030847.jpg
0.954422,ISIC_0030310.jpg,ISIC_0027018.jpg
0.954416,ISIC_0029372.jpg,ISIC_0030782.jpg
0.954284,ISIC_0030717.jpg,ISIC_0026067.jpg
0.954252,ISIC_0027940.jpg,ISIC_0025625.jpg
0.95424,ISIC_0024642.jpg,ISIC_0027878.jpg
0.954239,ISIC_0025016.jpg,ISIC_0029147.jpg
0.954207,ISIC_0033508.jpg,ISIC_0032686.jpg
0.954169,ISIC_0031056.jpg,ISIC_0028329.jpg
0.954154,ISIC_0027272.jpg,ISIC_0027378.jpg
0.95412,ISIC_0024437.jpg,ISIC_0031299.jpg
0.954107,ISIC_0033337.jpg,ISIC_0033594.jpg
0.954061,ISIC_0033796.jpg,ISIC_0033376.jpg
0.954049,ISIC_0025750.jpg,ISIC_0025725.jpg
0.954048,ISIC_0033456.jpg,ISIC_0033413.jpg
0.954046,ISIC_0029123.jpg,ISIC_0030782.jpg
0.954036,ISIC_0033312.jpg,ISIC_0034085.jpg
0.95401,ISIC_0029691.jpg,ISIC_0032282.jpg
0.954005,ISIC_0033363.jpg,ISIC_0033712.jpg
0.953996,ISIC_0032564.jpg,ISIC_0033183.jpg
0.953987,ISIC_0031318.jpg,ISIC_0031470.jpg
0.953867,ISIC_0030911.jpg,ISIC_0028302.jpg
0.953866,ISIC_0025663.jpg,ISIC_0026131.jpg
0.953863,ISIC_0031441.jpg,ISIC_0025725.jpg
0.953844,ISIC_0025172.jpg,ISIC_0032125.jpg
0.953835,ISIC_0029691.jpg,ISIC_0027553.jpg
0.953748,ISIC_0029581.jpg,ISIC_0025267.jpg
0.953668,ISIC_0033338.jpg,ISIC_0033888.jpg
0.953642,ISIC_0034100.jpg,ISIC_0033510.jpg
0.953603,ISIC_0024911.jpg,ISIC_0024762.jpg
0.9536,ISIC_0027211.jpg,ISIC_0024821.jpg
0.95358,ISIC_0026350.jpg,ISIC_0031569.jpg
0.953548,ISIC_0032995.jpg,ISIC_0032714.jpg
0.953518,ISIC_0025832.jpg,ISIC_0026105.jpg
0.953486,ISIC_0032761.jpg,ISIC_0033930.jpg
0.953482,ISIC_0026519.jpg,ISIC_0031145.jpg
0.953452,ISIC_0031151.jpg,ISIC_0025084.jpg
0.953448,ISIC_0034178.jpg,ISIC_0034282.jpg
0.953423,ISIC_0030960.jpg,ISIC_0030311.jpg
0.953385,ISIC_0027719.jpg,ISIC_0024461.jpg
0.953372,ISIC_0033528.jpg,ISIC_0033865.jpg
0.953365,ISIC_0032282.jpg,ISIC_0032147.jpg
0.953313,ISIC_0029952.jpg,ISIC_0025788.jpg
0.953289,ISIC_0033267.jpg,ISIC_0034180.jpg
0.953264,ISIC_0027204.jpg,ISIC_0031888.jpg
0.95324,ISIC_0027098.jpg,ISIC_0025295.jpg
0.953215,ISIC_0034063.jpg,ISIC_0032848.jpg
0.95321,ISIC_0033957.jpg,ISIC_0034172.jpg
0.953148,ISIC_0030804.jpg,ISIC_0025725.jpg
0.953064,ISIC_0034165.jpg,ISIC_0033583.jpg
0.953044,ISIC_0034113.jpg,ISIC_0033397.jpg
0.95296,ISIC_0026652.jpg,ISIC_0027101.jpg
0.952938,ISIC_0033586.jpg,ISIC_0033226.jpg
0.952811,ISIC_0031314.jpg,ISIC_0030605.jpg
0.952803,ISIC_0033115.jpg,ISIC_0033105.jpg
0.952803,ISIC_0031045.jpg,ISIC_0027900.jpg
0.952785,ISIC_0027703.jpg,ISIC_0029677.jpg
0.952751,ISIC_0025795.jpg,ISIC_0026498.jpg
0.952722,ISIC_0033439.jpg,ISIC_0034264.jpg
0.952714,ISIC_0033652.jpg,ISIC_0032717.jpg
0.952674,ISIC_0034258.jpg,ISIC_0033194.jpg
0.952616,ISIC_0032280.jpg,ISIC_0030605.jpg
0.952602,ISIC_0034102.jpg,ISIC_0033409.jpg
0.952581,ISIC_0033095.jpg,ISIC_0033395.jpg
0.952544,ISIC_0025591.jpg,ISIC_0027168.jpg
0.952526,ISIC_0027466.jpg,ISIC_0033981.jpg
0.95251,ISIC_0033253.jpg,ISIC_0032653.jpg
0.952468,ISIC_0033896.jpg,ISIC_0033690.jpg
0.952459,ISIC_0032776.jpg,ISIC_0033828.jpg
0.952459,ISIC_0031372.jpg,ISIC_0025622.jpg
0.952395,ISIC_0028461.jpg,ISIC_0026519.jpg
0.952376,ISIC_0028051.jpg,ISIC_0031709.jpg
0.952359,ISIC_0029115.jpg,ISIC_0024632.jpg
0.952298,ISIC_0026018.jpg,ISIC_0032036.jpg
0.952157,ISIC_0033762.jpg,ISIC_0034214.jpg
0.952153,ISIC_0025783.jpg,ISIC_0030069.jpg
0.952148,ISIC_0025084.jpg,ISIC_0025725.jpg
0.952114,ISIC_0029462.jpg,ISIC_0030700.jpg
0.952103,ISIC_0033259.jpg,ISIC_0033960.jpg
0.952096,ISIC_0024427.jpg,ISIC_0031790.jpg
0.95209,ISIC_0027098.jpg,ISIC_0027183.jpg
0.952073,ISIC_0032816.jpg,ISIC_0033203.jpg
0.952028,ISIC_0033674.jpg,ISIC_0033070.jpg
0.951959,ISIC_0033951.jpg,ISIC_0033149.jpg
0.951867,ISIC_0034132.jpg,ISIC_0033863.jpg
0.95184,ISIC_0032174.jpg,ISIC_0025576.jpg
0.951833,ISIC_0029886.jpg,ISIC_0032296.jpg
0.951823,ISIC_0031394.jpg,ISIC_0030095.jpg
0.951804,ISIC_0033863.jpg,ISIC_0032984.jpg
0.951743,ISIC_0029055.jpg,ISIC_0024675.jpg
0.951739,ISIC_0033374.jpg,ISIC_0033417.jpg
0.951724,ISIC_0031732.jpg,ISIC_0030850.jpg
0.951701,ISIC_0027942.jpg,ISIC_0026886.jpg
0.951684,ISIC_0026048.jpg,ISIC_0027840.jpg
0.951683,ISIC_0031754.jpg,ISIC_0029803.jpg
0.951645,ISIC_0034024.jpg,ISIC_0032983.jpg
0.951631,ISIC_0033512.jpg,ISIC_0032788.jpg
0.951628,ISIC_0033790.jpg,ISIC_0033675.jpg
0.951621,ISIC_0029030.jpg,ISIC_0026395.jpg
0.951602,ISIC_0031925.jpg,ISIC_0024743.jpg
0.951601,ISIC_0031323.jpg,ISIC_0026519.jpg
0.951533,ISIC_0033852.jpg,ISIC_0033547.jpg
0.951504,ISIC_0031338.jpg,ISIC_0027464.jpg
0.951466,ISIC_0029830.jpg,ISIC_0028350.jpg
0.951464,ISIC_0026921.jpg,ISIC_0028859.jpg
0.951446,ISIC_0024463.jpg,ISIC_0030026.jpg
0.95141,ISIC_0031151.jpg,ISIC_0030886.jpg
0.951393,ISIC_0030446.jpg,ISIC_0031527.jpg
0.951374,ISIC_0024489.jpg,ISIC_0024909.jpg
0.951363,ISIC_0026020.jpg,ISIC_0027377.jpg
0.951341,ISIC_0033923.jpg,ISIC_0033734.jpg
0.951237,ISIC_0029355.jpg,ISIC_0025816.jpg
0.951231,ISIC_0027357.jpg,ISIC_0026791.jpg
0.951202,ISIC_0033867.jpg,ISIC_0033202.jpg
0.951183,ISIC_0031791.jpg,ISIC_0031323.jpg
0.951146,ISIC_0032009.jpg,ISIC_0029030.jpg
0.951128,ISIC_0029409.jpg,ISIC_0028195.jpg
0.951103,ISIC_0026404.jpg,ISIC_0026466.jpg
0.951074,ISIC_0033814.jpg,ISIC_0033820.jpg
0.951069,ISIC_0033589.jpg,ISIC_0028317.jpg
0.951064,ISIC_0032625.jpg,ISIC_0033128.jpg
0.951043,ISIC_0033175.jpg,ISIC_0033886.jpg
0.951034,ISIC_0032259.jpg,ISIC_0024974.jpg
0.951029,ISIC_0025265.jpg,ISIC_0033120.jpg
0.951028,ISIC_0026252.jpg,ISIC_0027156.jpg
0.951023,ISIC_0031478.jpg,ISIC_0025783.jpg
0.951017,ISIC_0031795.jpg,ISIC_0027669.jpg
0.951012,ISIC_0028979.jpg,ISIC_0025187.jpg
0.950921,ISIC_0032819.jpg,ISIC_0034010.jpg
0.95092,ISIC_0033050.jpg,ISIC_0033518.jpg
0.950896,ISIC_0024974.jpg,ISIC_0029691.jpg
0.950842,ISIC_0028765.jpg,ISIC_0024590.jpg
0.950821,ISIC_0034106.jpg,ISIC_0033103.jpg
0.950789,ISIC_0029995.jpg,ISIC_0026492.jpg
0.95078,ISIC_0033561.jpg,ISIC_0033775.jpg
0.950757,ISIC_0032871.jpg,ISIC_0033327.jpg
0.950734,ISIC_0031895.jpg,ISIC_0025107.jpg
0.95073,ISIC_0026866.jpg,ISIC_0025892.jpg
0.950728,ISIC_0025971.jpg,ISIC_0032174.jpg
0.95065,ISIC_0033070.jpg,ISIC_0032702.jpg
0.950634,ISIC_0026510.jpg,ISIC_0029322.jpg
0.950618,ISIC_0031514.jpg,ISIC_0032465.jpg
0.950608,ISIC_0025714.jpg,ISIC_0027926.jpg
0.950595,ISIC_0032158.jpg,ISIC_0032334.jpg
0.950589,ISIC_0030741.jpg,ISIC_0024675.jpg
0.950584,ISIC_0033791.jpg,ISIC_0033507.jpg
0.950469,ISIC_0027184.jpg,ISIC_0029462.jpg
0.950446,ISIC_0032707.jpg,ISIC_0033478.jpg
0.950422,ISIC_0028277.jpg,ISIC_0029886.jpg
0.950414,ISIC_0031900.jpg,ISIC_0032174.jpg
0.950408,ISIC_0033157.jpg,ISIC_0032811.jpg
0.9504,ISIC_0034205.jpg,ISIC_0033070.jpg
0.950387,ISIC_0034224.jpg,ISIC_0034132.jpg
0.950368,ISIC_0029252.jpg,ISIC_0029549.jpg
0.950359,ISIC_0026388.jpg,ISIC_0025029.jpg
0.950292,ISIC_0032742.jpg,ISIC_0033120.jpg
0.95029,ISIC_0034058.jpg,ISIC_0026687.jpg
0.950285,ISIC_0032036.jpg,ISIC_0028548.jpg
0.950248,ISIC_0032444.jpg,ISIC_0030603.jpg
0.950224,ISIC_0026143.jpg,ISIC_0024989.jpg
0.950169,ISIC_0027677.jpg,ISIC_0024833.jpg
0.950142,ISIC_0032334.jpg,ISIC_0033363.jpg
0.950126,ISIC_0025435.jpg,ISIC_0025159.jpg
0.950124,ISIC_0024521.jpg,ISIC_0032259.jpg
0.950117,ISIC_0029254.jpg,ISIC_0029223.jpg
0.950113,ISIC_0031913.jpg,ISIC_0025874.jpg
0.950071,ISIC_0033681.jpg,ISIC_0024461.jpg
0.950046,ISIC_0030038.jpg,ISIC_0031323.jpg
0.950045,ISIC_0027038.jpg,ISIC_0032030.jpg
0.950017,ISIC_0026912.jpg,ISIC_0033863.jpg
0.950008,ISIC_0026881.jpg,ISIC_0030113.jpg
0.949985,ISIC_0027844.jpg,ISIC_0031305.jpg
0.949974,ISIC_0026865.jpg,ISIC_0032246.jpg
0.949966,ISIC_0026016.jpg,ISIC_0029464.jpg
0.949956,ISIC_0032320.jpg,ISIC_0027272.jpg
0.949932,ISIC_0032635.jpg,ISIC_0033623.jpg
0.949918,ISIC_0028101.jpg,ISIC_0029835.jpg
0.949891,ISIC_0029978.jpg,ISIC_0024461.jpg
0.949843,ISIC_0024463.jpg,ISIC_0027529.jpg
0.949823,ISIC_0025653.jpg,ISIC_0028436.jpg
0.94981,ISIC_0025572.jpg,ISIC_0030380.jpg
0.949804,ISIC_0024743.jpg,ISIC_0032174.jpg
0.949795,ISIC_0031707.jpg,ISIC_0029678.jpg
0.949794,ISIC_0029032.jpg,ISIC_0027379.jpg
0.949787,ISIC_0028877.jpg,ISIC_0029462.jpg
0.949769,ISIC_0030926.jpg,ISIC_0030005.jpg
0.949758,ISIC_0028481.jpg,ISIC_0029172.jpg
0.949727,ISIC_0033396.jpg,ISIC_0033723.jpg
0.949723,ISIC_0026264.jpg,ISIC_0029477.jpg
0.949675,ISIC_0025208.jpg,ISIC_0029499.jpg
0.949655,ISIC_0026617.jpg,ISIC_0030850.jpg
0.949632,ISIC_0032914.jpg,ISIC_0033309.jpg
0.949624,ISIC_0033573.jpg,ISIC_0033460.jpg
0.949512,ISIC_0029160.jpg,ISIC_0030425.jpg
0.949503,ISIC_0031247.jpg,ISIC_0032082.jpg
0.949498,ISIC_0031830.jpg,ISIC_0029908.jpg
0.949493,ISIC_0033560.jpg,ISIC_0033470.jpg
0.949486,ISIC_0032180.jpg,ISIC_0032282.jpg
0.949428,ISIC_0024658.jpg,ISIC_0028957.jpg
0.949398,ISIC_0026330.jpg,ISIC_0031567.jpg
0.949394,ISIC_0032947.jpg,ISIC_0033295.jpg
0.949393,ISIC_0027546.jpg,ISIC_0032444.jpg
0.949387,ISIC_0031526.jpg,ISIC_0030230.jpg
0.949325,ISIC_0025788.jpg,ISIC_0031736.jpg
0.94932,ISIC_0027671.jpg,ISIC_0026546.jpg
0.949314,ISIC_0026492.jpg,ISIC_0032444.jpg
0.949273,ISIC_0032072.jpg,ISIC_0026976.jpg
0.949259,ISIC_0026275.jpg,ISIC_0029924.jpg
0.949254,ISIC_0032456.jpg,ISIC_0027771.jpg
0.949248,ISIC_0028720.jpg,ISIC_0027878.jpg
0.949246,ISIC_0032242.jpg,ISIC_0025323.jpg
0.949204,ISIC_0027718.jpg,ISIC_0028436.jpg
0.949196,ISIC_0033712.jpg,ISIC_0024762.jpg
0.949177,ISIC_0027585.jpg,ISIC_0027975.jpg
0.949168,ISIC_0025214.jpg,ISIC_0024336.jpg
0.94916,ISIC_0025555.jpg,ISIC_0024317.jpg
0.949124,ISIC_0033905.jpg,ISIC_0027466.jpg
0.949084,ISIC_0031716.jpg,ISIC_0031925.jpg
0.949065,ISIC_0031548.jpg,ISIC_0027357.jpg
0.949059,ISIC_0030288.jpg,ISIC_0026065.jpg
0.949028,ISIC_0024310.jpg,ISIC_0028512.jpg
0.949006,ISIC_0024517.jpg,ISIC_0029978.jpg
0.949002,ISIC_0024760.jpg,ISIC_0026335.jpg
0.948992,ISIC_0024490.jpg,ISIC_0033526.jpg
0.948933,ISIC_0032655.jpg,ISIC_0033620.jpg
0.948927,ISIC_0031299.jpg,ISIC_0028219.jpg
0.948923,ISIC_0033253.jpg,ISIC_0033497.jpg
0.948879,ISIC_0029536.jpg,ISIC_0031436.jpg
0.948819,ISIC_0029830.jpg,ISIC_0028877.jpg
0.948813,ISIC_0029839.jpg,ISIC_0027466.jpg
0.948806,ISIC_0030591.jpg,ISIC_0029342.jpg
0.948802,ISIC_0024346.jpg,ISIC_0024455.jpg
0.948798,ISIC_0034205.jpg,ISIC_0033852.jpg
0.948794,ISIC_0030840.jpg,ISIC_0027379.jpg
0.948788,ISIC_0027062.jpg,ISIC_0024586.jpg
0.94878,ISIC_0031013.jpg,ISIC_0031972.jpg
0.94877,ISIC_0034295.jpg,ISIC_0033929.jpg
0.948732,ISIC_0033752.jpg,ISIC_0033460.jpg
0.948672,ISIC_0032418.jpg,ISIC_0024557.jpg
0.948632,ISIC_0031663.jpg,ISIC_0031145.jpg
0.948626,ISIC_0032476.jpg,ISIC_0031005.jpg
0.94862,ISIC_0026251.jpg,ISIC_0028413.jpg
0.9486,ISIC_0027461.jpg,ISIC_0026752.jpg
0.948597,ISIC_0031246.jpg,ISIC_0026292.jpg
0.948568,ISIC_0028304.jpg,ISIC_0027451.jpg
0.948524,ISIC_0031277.jpg,ISIC_0026016.jpg
0.948514,ISIC_0025268.jpg,ISIC_0030277.jpg
0.948509,ISIC_0031224.jpg,ISIC_0026899.jpg
0.948508,ISIC_0033395.jpg,ISIC_0033355.jpg
0.948502,ISIC_0027059.jpg,ISIC_0031393.jpg
0.948496,ISIC_0033652.jpg,ISIC_0033941.jpg
0.948486,ISIC_0032195.jpg,ISIC_0026711.jpg
0.948465,ISIC_0030856.jpg,ISIC_0028308.jpg
0.948449,ISIC_0026018.jpg,ISIC_0027098.jpg
0.948444,ISIC_0027958.jpg,ISIC_0027896.jpg
0.948421,ISIC_0028478.jpg,ISIC_0027468.jpg
0.948419,ISIC_0024362.jpg,ISIC_0030068.jpg
0.948415,ISIC_0032891.jpg,ISIC_0033852.jpg
0.948391,ISIC_0026283.jpg,ISIC_0027272.jpg
0.948377,ISIC_0029089.jpg,ISIC_0027120.jpg
0.948357,ISIC_0032674.jpg,ISIC_0033958.jpg
0.948357,ISIC_0033945.jpg,ISIC_0034221.jpg
0.948354,ISIC_0028040.jpg,ISIC_0027927.jpg
0.948319,ISIC_0030616.jpg,ISIC_0030026.jpg
0.948283,ISIC_0033258.jpg,ISIC_0033023.jpg
0.948273,ISIC_0028346.jpg,ISIC_0024461.jpg
0.948272,ISIC_0025551.jpg,ISIC_0030050.jpg
0.948235,ISIC_0032609.jpg,ISIC_0033501.jpg
0.948228,ISIC_0024466.jpg,ISIC_0030598.jpg
0.948218,ISIC_0028974.jpg,ISIC_0028084.jpg
0.948202,ISIC_0033050.jpg,ISIC_0033526.jpg
0.948164,ISIC_0030337.jpg,ISIC_0031151.jpg
0.948155,ISIC_0025258.jpg,ISIC_0032180.jpg
0.948141,ISIC_0034136.jpg,ISIC_0032546.jpg
0.948096,ISIC_0032750.jpg,ISIC_0033905.jpg
0.948035,ISIC_0027093.jpg,ISIC_0027473.jpg
0.948003,ISIC_0033450.jpg,ISIC_0033254.jpg
0.947996,ISIC_0025557.jpg,ISIC_0028323.jpg
0.947973,ISIC_0032662.jpg,ISIC_0033793.jpg
0.947927,ISIC_0027298.jpg,ISIC_0031915.jpg
0.947902,ISIC_0028911.jpg,ISIC_0026082.jpg
0.947898,ISIC_0030288.jpg,ISIC_0025995.jpg
0.947884,ISIC_0032126.jpg,ISIC_0025284.jpg
0.94788,ISIC_0032611.jpg,ISIC_0033499.jpg
0.94788,ISIC_0032797.jpg,ISIC_0033363.jpg
0.947862,ISIC_0027684.jpg,ISIC_0033363.jpg
0.94784,ISIC_0032525.jpg,ISIC_0033035.jpg
0.947814,ISIC_0028795.jpg,ISIC_0024463.jpg
0.947813,ISIC_0031900.jpg,ISIC_0027546.jpg
0.94776,ISIC_0033878.jpg,ISIC_0033460.jpg
0.947735,ISIC_0027244.jpg,ISIC_0033883.jpg
0.947711,ISIC_0031314.jpg,ISIC_0029638.jpg
0.947699,ISIC_0031227.jpg,ISIC_0031571.jpg
0.947683,ISIC_0029023.jpg,ISIC_0024357.jpg
0.94767,ISIC_0032375.jpg,ISIC_0028429.jpg
0.947653,ISIC_0031320.jpg,ISIC_0028185.jpg
0.947622,ISIC_0034048.jpg,ISIC_0033883.jpg
0.947617,ISIC_0024909.jpg,ISIC_0024408.jpg
0.947617,ISIC_0032414.jpg,ISIC_0032009.jpg
0.947603,ISIC_0032846.jpg,ISIC_0033672.jpg
0.947588,ISIC_0027395.jpg,ISIC_0029184.jpg
0.947581,ISIC_0033575.jpg,ISIC_0033460.jpg
0.947573,ISIC_0031646.jpg,ISIC_0026395.jpg
0.947547,ISIC_0029598.jpg,ISIC_0029002.jpg
0.947529,ISIC_0034102.jpg,ISIC_0033283.jpg
0.947505,ISIC_0029898.jpg,ISIC_0027466.jpg
0.947467,ISIC_0027120.jpg,ISIC_0032070.jpg
0.947454,ISIC_0032223.jpg,ISIC_0024614.jpg
0.947431,ISIC_0030294.jpg,ISIC_0028564.jpg
0.947422,ISIC_0030946.jpg,ISIC_0029691.jpg
0.947418,ISIC_0030847.jpg,ISIC_0027849.jpg
0.947338,ISIC_0026717.jpg,ISIC_0026912.jpg
0.94731,ISIC_0025802.jpg,ISIC_0029322.jpg
0.947307,ISIC_0028783.jpg,ISIC_0027028.jpg
0.947295,ISIC_0030517.jpg,ISIC_0025788.jpg
0.947253,ISIC_0029539.jpg,ISIC_0031258.jpg
0.947225,ISIC_0032110.jpg,ISIC_0026500.jpg
0.947221,ISIC_0026937.jpg,ISIC_0026757.jpg
0.947219,ISIC_0033497.jpg,ISIC_0033739.jpg
0.947215,ISIC_0028395.jpg,ISIC_0032153.jpg
0.947205,ISIC_0033475.jpg,ISIC_0033210.jpg
0.947143,ISIC_0026116.jpg,ISIC_0028911.jpg
0.947137,ISIC_0033589.jpg,ISIC_0033363.jpg
0.947083,ISIC_0029921.jpg,ISIC_0032105.jpg
0.947064,ISIC_0024740.jpg,ISIC_0027379.jpg
0.947046,ISIC_0033322.jpg,ISIC_0033127.jpg
0.947041,ISIC_0031105.jpg,ISIC_0028438.jpg
0.947028,ISIC_0030823.jpg,ISIC_0031214.jpg
0.946963,ISIC_0030601.jpg,ISIC_0025561.jpg
0.946944,ISIC_0027507.jpg,ISIC_0024313.jpg
0.9469,ISIC_0027659.jpg,ISIC_0033881.jpg
0.94689,ISIC_0030425.jpg,ISIC_0030847.jpg
0.946886,ISIC_0026617.jpg,ISIC_0028788.jpg
0.94685,ISIC_0033491.jpg,ISIC_0033660.jpg
0.946849,ISIC_0033537.jpg,ISIC_0032721.jpg
0.946835,ISIC_0030560.jpg,ISIC_0029367.jpg
0.94675,ISIC_0030854.jpg,ISIC_0031128.jpg
0.946726,ISIC_0028308.jpg,ISIC_0032174.jpg
0.946708,ISIC_0034169.jpg,ISIC_0033712.jpg
0.946668,ISIC_0029353.jpg,ISIC_0028364.jpg
0.946646,ISIC_0025107.jpg,ISIC_0028040.jpg
0.946644,ISIC_0027811.jpg,ISIC_0024409.jpg
0.946641,ISIC_0025796.jpg,ISIC_0026559.jpg
0.946631,ISIC_0029764.jpg,ISIC_0026138.jpg
0.94663,ISIC_0030260.jpg,ISIC_0027535.jpg
0.94659,ISIC_0031005.jpg,ISIC_0029583.jpg
0.946565,ISIC_0032314.jpg,ISIC_0032174.jpg
0.946537,ISIC_0034076.jpg,ISIC_0032672.jpg
0.946525,ISIC_0030888.jpg,ISIC_0027324.jpg
0.946472,ISIC_0028385.jpg,ISIC_0031145.jpg
0.94646,ISIC_0025566.jpg,ISIC_0030850.jpg
0.946452,ISIC_0034224.jpg,ISIC_0032742.jpg
0.94644,ISIC_0028130.jpg,ISIC_0029696.jpg
0.946429,ISIC_0032906.jpg,ISIC_0033363.jpg
0.946404,ISIC_0029043.jpg,ISIC_0025247.jpg
0.946399,ISIC_0034284.jpg,ISIC_0033663.jpg
0.946332,ISIC_0033766.jpg,ISIC_0033008.jpg
0.946327,ISIC_0033249.jpg,ISIC_0032530.jpg
0.946327,ISIC_0027409.jpg,ISIC_0030647.jpg
0.946308,ISIC_0030919.jpg,ISIC_0031311.jpg
0.946307,ISIC_0029197.jpg,ISIC_0034293.jpg
0.946291,ISIC_0033986.jpg,ISIC_0033004.jpg
0.946287,ISIC_0033501.jpg,ISIC_0033120.jpg
0.946276,ISIC_0029583.jpg,ISIC_0032072.jpg
0.946274,ISIC_0032516.jpg,ISIC_0033798.jpg
0.946267,ISIC_0026839.jpg,ISIC_0033589.jpg
0.946263,ISIC_0026691.jpg,ISIC_0026485.jpg
0.946236,ISIC_0026207.jpg,ISIC_0027171.jpg
0.946204,ISIC_0030610.jpg,ISIC_0024694.jpg
0.946191,ISIC_0033166.jpg,ISIC_0033275.jpg
0.946181,ISIC_0029198.jpg,ISIC_0029134.jpg
0.946176,ISIC_0032779.jpg,ISIC_0032605.jpg
0.946164,ISIC_0033846.jpg,ISIC_0033423.jpg
0.946138,ISIC_0032622.jpg,ISIC_0033848.jpg
0.946123,ISIC_0034072.jpg,ISIC_0024461.jpg
0.946102,ISIC_0032378.jpg,ISIC_0032096.jpg
0.946099,ISIC_0031505.jpg,ISIC_0028203.jpg
0.946084,ISIC_0029296.jpg,ISIC_0031299.jpg
0.946002,ISIC_0031086.jpg,ISIC_0031548.jpg
0.946,ISIC_0030526.jpg,ISIC_0025957.jpg
0.945989,ISIC_0030929.jpg,ISIC_0031289.jpg
0.945986,ISIC_0033667.jpg,ISIC_0033107.jpg
0.945906,ISIC_0028285.jpg,ISIC_0030826.jpg
0.94588,ISIC_0031128.jpg,ISIC_0031441.jpg
0.945849,ISIC_0030809.jpg,ISIC_0026301.jpg
0.945838,ISIC_0033777.jpg,ISIC_0033078.jpg
0.945828,ISIC_0031912.jpg,ISIC_0030886.jpg
0.945824,ISIC_0033097.jpg,ISIC_0033706.jpg
0.945821,ISIC_0024419.jpg,ISIC_0028277.jpg
0.945811,ISIC_0026839.jpg,ISIC_0032707.jpg
0.945806,ISIC_0033974.jpg,ISIC_0029839.jpg
0.945791,ISIC_0034288.jpg,ISIC_0028408.jpg
0.945757,ISIC_0030646.jpg,ISIC_0031661.jpg
0.945757,ISIC_0030517.jpg,ISIC_0026235.jpg
0.945737,ISIC_0030985.jpg,ISIC_0026873.jpg
0.945734,ISIC_0027954.jpg,ISIC_0027247.jpg
0.945731,ISIC_0028316.jpg,ISIC_0028577.jpg
0.945725,ISIC_0030403.jpg,ISIC_0028877.jpg
0.945721,ISIC_0028054.jpg,ISIC_0031548.jpg
0.945712,ISIC_0031895.jpg,ISIC_0028277.jpg
0.945701,ISIC_0026345.jpg,ISIC_0027809.jpg
0.945665,ISIC_0032647.jpg,ISIC_0033974.jpg
0.945661,ISIC_0033708.jpg,ISIC_0032960.jpg
0.945658,ISIC_0032712.jpg,ISIC_0033164.jpg
0.945616,ISIC_0033327.jpg,ISIC_0033765.jpg
0.945581,ISIC_0026729.jpg,ISIC_0030986.jpg
0.945576,ISIC_0025843.jpg,ISIC_0025084.jpg
0.945552,ISIC_0026557.jpg,ISIC_0029198.jpg
0.945534,ISIC_0031816.jpg,ISIC_0030441.jpg
0.945491,ISIC_0026976.jpg,ISIC_0025605.jpg
0.945482,ISIC_0033881.jpg,ISIC_0034126.jpg
0.945472,ISIC_0032126.jpg,ISIC_0031339.jpg
0.945466,ISIC_0032560.jpg,ISIC_0033793.jpg
0.945459,ISIC_0026580.jpg,ISIC_0029560.jpg
0.945458,ISIC_0029887.jpg,ISIC_0028383.jpg
0.945425,ISIC_0030311.jpg,ISIC_0029678.jpg
0.945421,ISIC_0025926.jpg,ISIC_0025247.jpg
0.945387,ISIC_0033884.jpg,ISIC_0033701.jpg
0.945377,ISIC_0026646.jpg,ISIC_0024717.jpg
0.94536,ISIC_0030898.jpg,ISIC_0034048.jpg
0.945359,ISIC_0033872.jpg,ISIC_0034132.jpg
0.945357,ISIC_0030346.jpg,ISIC_0030803.jpg
0.945354,ISIC_0025984.jpg,ISIC_0025702.jpg
0.945348,ISIC_0033356.jpg,ISIC_0033237.jpg
0.94534,ISIC_0033045.jpg,ISIC_0032588.jpg
0.945332,ISIC_0025750.jpg,ISIC_0025995.jpg
0.945283,ISIC_0032171.jpg,ISIC_0030716.jpg
0.945257,ISIC_0025505.jpg,ISIC_0027183.jpg
0.945252,ISIC_0026080.jpg,ISIC_0024409.jpg
0.945228,ISIC_0032800.jpg,ISIC_0032647.jpg
0.945217,ISIC_0030603.jpg,ISIC_0029420.jpg
0.945217,ISIC_0031663.jpg,ISIC_0026519.jpg
0.945181,ISIC_0025513.jpg,ISIC_0031515.jpg
0.945178,ISIC_0025572.jpg,ISIC_0024461.jpg
0.945173,ISIC_0033577.jpg,ISIC_0033105.jpg
0.945172,ISIC_0029498.jpg,ISIC_0028380.jpg
0.94516,ISIC_0030514.jpg,ISIC_0031578.jpg
0.945159,ISIC_0027718.jpg,ISIC_0025702.jpg
0.945151,ISIC_0028867.jpg,ISIC_0028379.jpg
0.945142,ISIC_0024336.jpg,ISIC_0029638.jpg
0.945141,ISIC_0027844.jpg,ISIC_0024621.jpg
0.945141,ISIC_0034006.jpg,ISIC_0033114.jpg
0.945138,ISIC_0026910.jpg,ISIC_0026320.jpg
0.945133,ISIC_0028927.jpg,ISIC_0032259.jpg
0.945133,ISIC_0026961.jpg,ISIC_0027120.jpg
0.945099,ISIC_0028850.jpg,ISIC_0028911.jpg
0.945082,ISIC_0025557.jpg,ISIC_0028294.jpg
0.945067,ISIC_0031716.jpg,ISIC_0024517.jpg
0.945063,ISIC_0033351.jpg,ISIC_0028008.jpg
0.945062,ISIC_0029055.jpg,ISIC_0029045.jpg
0.945053,ISIC_0028203.jpg,ISIC_0028605.jpg
0.945018,ISIC_0027837.jpg,ISIC_0034187.jpg
0.945004,ISIC_0034165.jpg,ISIC_0034189.jpg
0.944995,ISIC_0028927.jpg,ISIC_0029886.jpg
0.944966,ISIC_0026392.jpg,ISIC_0026882.jpg
0.944964,ISIC_0034311.jpg,ISIC_0032707.jpg
0.944961,ISIC_0027155.jpg,ISIC_0029339.jpg
0.944951,ISIC_0028324.jpg,ISIC_0029804.jpg
0.944942,ISIC_0031580.jpg,ISIC_0029978.jpg
0.944898,ISIC_0029853.jpg,ISIC_0027980.jpg
0.944888,ISIC_0030802.jpg,ISIC_0029315.jpg
0.944886,ISIC_0029898.jpg,ISIC_0031746.jpg
0.944881,ISIC_0034081.jpg,ISIC_0034082.jpg
0.944879,ISIC_0027018.jpg,ISIC_0032444.jpg
0.944876,ISIC_0032696.jpg,ISIC_0029830.jpg
0.944875,ISIC_0033089.jpg,ISIC_0033562.jpg
0.944842,ISIC_0024655.jpg,ISIC_0030020.jpg
0.944831,ISIC_0033573.jpg,ISIC_0033959.jpg
0.944828,ISIC_0025513.jpg,ISIC_0025824.jpg
0.944787,ISIC_0028092.jpg,ISIC_0026301.jpg
0.944767,ISIC_0029426.jpg,ISIC_0026114.jpg
0.944747,ISIC_0031966.jpg,ISIC_0025007.jpg
0.944735,ISIC_0026828.jpg,ISIC_0032239.jpg
0.944727,ISIC_0025971.jpg,ISIC_0027546.jpg
0.944721,ISIC_0027229.jpg,ISIC_0027004.jpg
0.944718,ISIC_0028957.jpg,ISIC_0026272.jpg
0.94471,ISIC_0025139.jpg,ISIC_0031816.jpg
0.94471,ISIC_0029315.jpg,ISIC_0028511.jpg
0.944709,ISIC_0025947.jpg,ISIC_0029023.jpg
0.944704,ISIC_0032661.jpg,ISIC_0028698.jpg
0.944704,ISIC_0032617.jpg,ISIC_0033050.jpg
0.944689,ISIC_0028324.jpg,ISIC_0026707.jpg
0.94467,ISIC_0028628.jpg,ISIC_0024312.jpg
0.944654,ISIC_0034204.jpg,ISIC_0034136.jpg
0.944638,ISIC_0033975.jpg,ISIC_0033679.jpg
0.944628,ISIC_0030863.jpg,ISIC_0028298.jpg
0.944623,ISIC_0028873.jpg,ISIC_0028548.jpg
0.944619,ISIC_0034243.jpg,ISIC_0034050.jpg
0.944617,ISIC_0027809.jpg,ISIC_0026932.jpg
0.944603,ISIC_0032572.jpg,ISIC_0033890.jpg
0.944598,ISIC_0028385.jpg,ISIC_0031663.jpg
0.944589,ISIC_0032750.jpg,ISIC_0028600.jpg
0.944583,ISIC_0033356.jpg,ISIC_0032572.jpg
0.944571,ISIC_0024346.jpg,ISIC_0031373.jpg
0.94455,ISIC_0026174.jpg,ISIC_0032463.jpg
0.944544,ISIC_0033439.jpg,ISIC_0033166.jpg
0.944538,ISIC_0029164.jpg,ISIC_0025675.jpg
0.944533,ISIC_0034116.jpg,ISIC_0034073.jpg
0.944521,ISIC_0027561.jpg,ISIC_0031913.jpg
0.944501,ISIC_0025653.jpg,ISIC_0027684.jpg
0.944495,ISIC_0024794.jpg,ISIC_0030435.jpg
0.944479,ISIC_0027639.jpg,ISIC_0027298.jpg
0.944477,ISIC_0024659.jpg,ISIC_0030045.jpg
0.944474,ISIC_0029255.jpg,ISIC_0026873.jpg
0.944456,ISIC_0033189.jpg,ISIC_0033104.jpg
0.944447,ISIC_0029116.jpg,ISIC_0030380.jpg
0.944434,ISIC_0031988.jpg,ISIC_0028531.jpg
0.944414,ISIC_0025577.jpg,ISIC_0030813.jpg
0.944412,ISIC_0033610.jpg,ISIC_0033100.jpg
0.944396,ISIC_0026733.jpg,ISIC_0025995.jpg
0.944392,ISIC_0031980.jpg,ISIC_0028792.jpg
0.944368,ISIC_0029549.jpg,ISIC_0029978.jpg
0.944355,ISIC_0032414.jpg,ISIC_0026395.jpg
0.944352,ISIC_0030352.jpg,ISIC_0024743.jpg
0.944348,ISIC_0030911.jpg,ISIC_0027816.jpg
0.944346,ISIC_0029532.jpg,ISIC_0030556.jpg
0.944344,ISIC_0029832.jpg,ISIC_0030886.jpg
0.944291,ISIC_0031114.jpg,ISIC_0027943.jpg
0.944288,ISIC_0026234.jpg,ISIC_0031355.jpg
0.944276,ISIC_0029197.jpg,ISIC_0028408.jpg
0.944269,ISIC_0024713.jpg,ISIC_0027499.jpg
0.944255,ISIC_0030302.jpg,ISIC_0028284.jpg
0.944248,ISIC_0025111.jpg,ISIC_0025995.jpg
0.944245,ISIC_0031890.jpg,ISIC_0024490.jpg
0.944244,ISIC_0025268.jpg,ISIC_0027546.jpg
0.944214,ISIC_0033988.jpg,ISIC_0032795.jpg
0.944204,ISIC_0032651.jpg,ISIC_0033699.jpg
0.944204,ISIC_0025480.jpg,ISIC_0026648.jpg
0.944175,ISIC_0029722.jpg,ISIC_0024660.jpg
0.944174,ISIC_0026940.jpg,ISIC_0032429.jpg
0.944155,ISIC_0033442.jpg,ISIC_0032943.jpg
0.944151,ISIC_0029244.jpg,ISIC_0031393.jpg
0.944132,ISIC_0026827.jpg,ISIC_0026018.jpg
0.944112,ISIC_0028940.jpg,ISIC_0027363.jpg
0.944108,ISIC_0028461.jpg,ISIC_0027613.jpg
0.944074,ISIC_0032617.jpg,ISIC_0033589.jpg
0.944071,ISIC_0030790.jpg,ISIC_0024833.jpg
0.944054,ISIC_0034245.jpg,ISIC_0033703.jpg
0.944051,ISIC_0028094.jpg,ISIC_0025466.jpg
0.944048,ISIC_0033940.jpg,ISIC_0034029.jpg
0.944006,ISIC_0027793.jpg,ISIC_0026510.jpg
0.943987,ISIC_0026491.jpg,ISIC_0028730.jpg
0.94397,ISIC_0025832.jpg,ISIC_0028511.jpg
0.943964,ISIC_0032571.jpg,ISIC_0033888.jpg
0.943938,ISIC_0029459.jpg,ISIC_0028092.jpg
0.943913,ISIC_0031988.jpg,ISIC_0031791.jpg
0.943902,ISIC_0025308.jpg,ISIC_0026241.jpg
0.943841,ISIC_0024621.jpg,ISIC_0027511.jpg
0.943836,ISIC_0025132.jpg,ISIC_0029638.jpg
0.943835,ISIC_0031293.jpg,ISIC_0028195.jpg
0.943823,ISIC_0032836.jpg,ISIC_0034183.jpg
0.943822,ISIC_0031025.jpg,ISIC_0028995.jpg
0.943785,ISIC_0030279.jpg,ISIC_0032195.jpg
0.943775,ISIC_0028364.jpg,ISIC_0029978.jpg
0.94374,ISIC_0032314.jpg,ISIC_0028308.jpg
0.943733,ISIC_0027478.jpg,ISIC_0024911.jpg
0.943731,ISIC_0029355.jpg,ISIC_0025702.jpg
0.943731,ISIC_0028274.jpg,ISIC_0025995.jpg
0.94373,ISIC_0026809.jpg,ISIC_0029530.jpg
0.943712,ISIC_0033478.jpg,ISIC_0026839.jpg
0.943712,ISIC_0032224.jpg,ISIC_0025995.jpg
0.9437,ISIC_0027950.jpg,ISIC_0030877.jpg
0.943688,ISIC_0033115.jpg,ISIC_0032572.jpg
0.943687,ISIC_0034197.jpg,ISIC_0034057.jpg
0.943681,ISIC_0025159.jpg,ISIC_0028564.jpg
0.943678,ISIC_0027532.jpg,ISIC_0027979.jpg
0.943673,ISIC_0026738.jpg,ISIC_0029089.jpg
0.943668,ISIC_0027910.jpg,ISIC_0028377.jpg
0.943661,ISIC_0030209.jpg,ISIC_0030456.jpg
0.943648,ISIC_0032799.jpg,ISIC_0033573.jpg
0.943636,ISIC_0031806.jpg,ISIC_0030534.jpg
0.943633,ISIC_0026568.jpg,ISIC_0027059.jpg
0.943598,ISIC_0030560.jpg,ISIC_0025187.jpg
0.94359,ISIC_0032037.jpg,ISIC_0026246.jpg
0.943558,ISIC_0026812.jpg,ISIC_0025440.jpg
0.943535,ISIC_0032835.jpg,ISIC_0032617.jpg
0.943498,ISIC_0031377.jpg,ISIC_0026260.jpg
0.943475,ISIC_0029078.jpg,ISIC_0030347.jpg
0.943475,ISIC_0029952.jpg,ISIC_0030517.jpg
0.943468,ISIC_0028316.jpg,ISIC_0025302.jpg
0.943462,ISIC_0026937.jpg,ISIC_0030347.jpg
0.943458,ISIC_0034221.jpg,ISIC_0033491.jpg
0.943453,ISIC_0034204.jpg,ISIC_0033493.jpg
0.943453,ISIC_0026082.jpg,ISIC_0028850.jpg
0.943446,ISIC_0033003.jpg,ISIC_0033910.jpg
0.943406,ISIC_0032317.jpg,ISIC_0025124.jpg
0.943388,ISIC_0032982.jpg,ISIC_0032572.jpg
0.943385,ISIC_0034020.jpg,ISIC_0028195.jpg
0.943376,ISIC_0032913.jpg,ISIC_0033038.jpg
0.943374,ISIC_0026338.jpg,ISIC_0031174.jpg
0.943374,ISIC_0027879.jpg,ISIC_0027173.jpg
0.943373,ISIC_0025497.jpg,ISIC_0031393.jpg